,City,Country,Lat,Lng,Max Temp,Humidity,Cloudiness,Wind Speed,Current Description
0,Albany,US,42.6001,-73.9662,63.41,86,18,3.74,few clouds
1,Rikitea,PF,-23.1203,-134.9692,74.84,75,50,20.51,scattered clouds
2,Port Alfred,ZA,-33.5906,26.891,60.13,59,0,9.6,clear sky
3,Easton,US,40.6884,-75.2207,75.54,81,100,3.44,overcast clouds
4,Thompson,CA,55.7435,-97.8558,55.78,72,80,5.93,broken clouds
5,Lata,PT,40.1629,-8.3327,65.59,52,0,6.55,clear sky
6,Atuona,PF,-9.8,-139.0333,77.74,80,30,25.68,light rain
7,Hermanus,ZA,-34.4187,19.2345,53.33,62,52,10.4,broken clouds
8,Hobyo,SO,5.3505,48.5268,78.42,75,42,27.2,scattered clouds
9,Tiksi,RU,71.6872,128.8694,43.5,74,97,4.41,overcast clouds
10,Leningradskiy,RU,69.3833,178.4167,35.4,87,99,10.69,overcast clouds
11,Norman Wells,CA,65.282,-126.8329,78.35,34,5,4.5,clear sky
12,Castro,BR,-24.7911,-50.0119,53.98,71,100,3.71,overcast clouds
13,Mataura,NZ,-46.1927,168.8643,44.47,85,100,3.31,overcast clouds
14,Vila Franca Do Campo,PT,37.7167,-25.4333,67.19,78,87,6.35,overcast clouds
15,Vestmannaeyjar,IS,63.4427,-20.2734,51.62,88,100,22.64,overcast clouds
16,Ojinaga,MX,29.5667,-104.4167,85.15,54,0,4.61,clear sky
17,Jamestown,US,42.097,-79.2353,64.04,83,0,6.91,clear sky
18,Cherskiy,RU,68.75,161.3,56.82,48,99,7.0,overcast clouds
19,Hilo,US,19.7297,-155.09,78.53,70,75,5.75,broken clouds
20,Moron,AR,-34.6534,-58.6198,53.29,95,98,9.57,overcast clouds
21,Barrow,US,71.2906,-156.7887,46.42,93,100,11.5,overcast clouds
22,Acapulco,MX,16.8634,-99.8901,80.42,83,40,0.0,scattered clouds
23,Rocha,UY,-34.4833,-54.3333,63.91,92,93,16.02,overcast clouds
24,Sembakung,ID,3.8167,117.25,85.64,65,93,2.75,overcast clouds
25,Zhuhai,CN,22.2769,113.5678,85.78,89,40,11.5,scattered clouds
26,Port Lincoln,AU,-34.7333,135.8667,56.17,66,100,11.14,overcast clouds
27,Arlit,NE,18.7369,7.3853,86.05,15,36,9.69,scattered clouds
28,Sitka,US,57.0531,-135.33,57.09,82,100,0.0,overcast clouds
29,Georgetown,MY,5.4112,100.3354,87.73,70,20,6.91,few clouds
30,Talnakh,RU,69.4865,88.3972,49.21,62,93,12.66,overcast clouds
31,Gornyy,RU,55.1153,83.9059,67.73,72,100,5.97,overcast clouds
32,Ayr,GB,55.4627,-4.6339,56.32,88,75,11.5,broken clouds
33,Narsaq,GL,60.9167,-46.05,46.62,94,100,6.06,light rain
34,Ushuaia,AR,-54.8,-68.3,29.86,69,0,8.05,clear sky
35,Tasiilaq,GL,65.6145,-37.6368,39.36,92,100,4.68,overcast clouds
36,Tuktoyaktuk,CA,69.4541,-133.0374,59.27,52,28,13.4,scattered clouds
37,Qaanaaq,GL,77.484,-69.3632,39.9,96,100,3.91,overcast clouds
38,Mahanoro,MG,-19.9,48.8,67.98,85,63,5.01,broken clouds
39,Porosozero,RU,62.7191,32.727,62.24,58,100,6.85,overcast clouds
40,San Buenaventura,MX,27.0833,-101.5333,87.22,33,48,2.62,scattered clouds
41,Charters Towers,AU,-20.1,146.2667,67.84,43,0,10.04,clear sky
42,Aldan,RU,58.6031,125.3894,67.19,75,100,21.47,overcast clouds
43,Faya,SA,18.3851,42.4509,73.92,21,87,12.86,overcast clouds
44,Hobart,AU,-42.8794,147.3294,55.26,61,30,1.99,scattered clouds
45,Vardo,NO,70.3705,31.1107,53.58,82,42,9.22,scattered clouds
46,Bethel,US,41.3712,-73.414,71.76,79,100,0.0,overcast clouds
47,Zambezi,ZM,-13.5432,23.1047,46.33,66,7,4.74,clear sky
48,Joshimath,IN,30.5667,79.5667,82.09,69,79,6.91,broken clouds
49,Saskylakh,RU,71.9167,114.0833,60.44,49,95,12.95,overcast clouds
50,Amahai,ID,-3.3333,128.9167,79.3,85,94,8.08,heavy intensity rain
51,Basco,PH,20.4487,121.9702,84.92,78,24,15.82,few clouds
52,Portlethen,GB,57.0547,-2.1307,53.78,89,100,11.5,overcast clouds
53,Nabire,ID,-3.3667,135.4833,81.73,77,100,2.84,overcast clouds
54,Punta Arenas,CL,-53.15,-70.9167,28.51,100,0,12.66,clear sky
55,Jiaohe,CN,43.7286,127.3447,68.95,98,100,8.28,heavy intensity rain
56,Strezhevoy,RU,60.7333,77.5889,72.75,37,35,5.99,scattered clouds
57,Mar Del Plata,AR,-38.0023,-57.5575,50.09,77,0,6.91,clear sky
58,Vanimo,PG,-2.6741,141.3028,83.34,78,94,6.31,overcast clouds
59,Yellowknife,CA,62.456,-114.3525,64.92,52,75,5.99,broken clouds
60,Ferrol,ES,43.4832,-8.2369,63.12,84,0,12.88,clear sky
61,Morondava,MG,-20.2833,44.2833,66.79,63,0,6.11,clear sky
62,Bambous Virieux,MU,-20.3428,57.7575,73.22,67,98,14.58,overcast clouds
63,Ponta Do Sol,PT,32.6667,-17.1,68.63,75,2,4.88,clear sky
64,Tambopata,PE,-12.7333,-69.1833,73.36,72,54,2.62,broken clouds
65,Polysayevo,RU,54.6012,86.2459,64.72,79,100,8.03,overcast clouds
66,Talcahuano,CL,-36.7167,-73.1167,40.68,93,74,1.14,mist
67,Pevek,RU,69.7008,170.3133,34.09,86,73,10.07,broken clouds
68,Aasiaat,GL,68.7098,-52.8699,38.34,94,100,9.48,overcast clouds
69,Dikson,RU,73.5069,80.5464,33.15,86,14,2.77,few clouds
70,Churapcha,RU,62.0025,132.4325,94.86,33,99,16.08,overcast clouds
71,Carnarvon,AU,-24.8667,113.6333,73.71,20,0,8.75,clear sky
72,Grand Gaube,MU,-20.0064,57.6608,73.8,56,84,3.0,broken clouds
73,Port Hedland,AU,-20.3167,118.5667,78.85,11,8,14.97,clear sky
74,Warri,NG,5.5167,5.75,73.89,95,100,3.6,overcast clouds
75,Bluff,NZ,-46.6,168.3333,44.8,75,100,8.43,overcast clouds
76,Hithadhoo,MV,-0.6,73.0833,82.33,77,86,11.39,overcast clouds
77,Los Llanos De Aridane,ES,28.6585,-17.9182,64.15,82,100,13.8,overcast clouds
78,Dilla,ET,6.41,38.31,63.1,90,98,0.49,light rain
79,Dera Bugti,PK,29.0307,69.151,93.92,48,98,13.44,light rain
80,Ambon,ID,-3.6954,128.1814,81.23,13,40,3.44,scattered clouds
81,Fort Nelson,CA,58.8053,-122.7002,69.39,49,75,3.44,broken clouds
82,Ambovombe,MG,-25.1667,46.0833,65.95,67,0,3.33,clear sky
83,Lompoc,US,34.6391,-120.4579,63.01,86,100,14.0,overcast clouds
84,Aska,IN,19.6061,84.6725,86.09,73,100,5.14,overcast clouds
85,Kununurra,AU,-15.7667,128.7333,76.98,22,5,12.66,clear sky
86,Kavaratti,IN,10.5669,72.642,81.32,83,98,18.63,moderate rain
87,Half Moon Bay,US,37.4636,-122.4286,64.31,83,100,16.11,overcast clouds
88,Hasaki,JP,35.7333,140.8333,84.29,83,13,17.94,few clouds
89,Salalah,OM,17.0151,54.0924,77.09,100,100,3.44,light intensity drizzle
90,Saint-Philippe,RE,-21.3585,55.7679,73.22,70,58,9.91,broken clouds
91,Bengkulu,ID,-3.8004,102.2655,85.75,67,26,7.67,scattered clouds
92,Busselton,AU,-33.65,115.3333,58.39,67,100,7.81,overcast clouds
93,Ribeira Grande,PT,38.5167,-28.7,66.22,76,92,11.21,overcast clouds
94,Meulaboh,ID,4.1363,96.1285,85.84,63,52,3.87,broken clouds
95,Bilibino,RU,68.0546,166.4372,56.08,61,89,7.0,overcast clouds
96,Damghan,IR,36.1683,54.348,75.49,35,0,4.03,clear sky
97,Nouadhibou,MR,20.931,-17.0347,69.78,78,0,24.16,clear sky
98,Asau,RO,46.4333,26.4,60.28,96,100,3.09,light rain
99,Berbera,SO,10.4396,45.0143,90.97,40,56,34.14,broken clouds
100,Ercis,TR,39.0287,43.3586,68.52,40,5,7.76,clear sky
101,Ndele,CF,8.4109,20.6473,69.78,96,89,3.56,overcast clouds
102,Cape Town,ZA,-33.9258,18.4232,57.38,77,74,5.99,broken clouds
103,Kommunarka,RU,55.5695,37.4893,76.06,71,0,6.71,clear sky
104,Luderitz,NA,-26.6481,15.1594,52.95,62,0,9.46,clear sky
105,Chippewa Falls,US,44.9369,-91.3929,70.99,92,0,0.0,clear sky
106,Teahupoo,PF,-17.8333,-149.2667,73.36,73,9,11.95,light rain
107,Namatanai,PG,-3.6667,152.4333,79.59,84,97,12.88,moderate rain
108,Mangit,UZ,40.5971,70.9607,89.76,17,15,17.0,few clouds
109,Lazaro Cardenas,MX,17.9583,-102.2,79.0,82,92,3.44,overcast clouds
110,Khandbari,NP,27.3747,87.2039,86.02,66,31,4.05,scattered clouds
111,Narrabri,AU,-30.3167,149.7833,66.52,66,55,3.0,broken clouds
112,Severo-Kurilsk,RU,50.6789,156.125,56.41,65,100,11.23,overcast clouds
113,Saint George,US,37.1041,-113.5841,90.19,9,0,5.75,clear sky
114,Ouadda,CF,8.0777,22.4007,66.83,95,47,2.89,scattered clouds
115,Bredasdorp,ZA,-34.5322,20.0403,47.34,68,39,7.54,scattered clouds
116,Kruisfontein,ZA,-34.0033,24.7314,51.35,58,0,7.9,clear sky
117,Butaritari,KI,3.0707,172.7902,82.71,74,80,17.52,broken clouds
118,Smithers,CA,54.7804,-127.1743,59.32,94,75,0.0,broken clouds
119,Le Port,RE,-20.9373,55.2919,73.62,58,46,2.66,scattered clouds
120,Kapaa,US,22.0752,-159.319,80.58,83,75,17.27,broken clouds
121,Guerrero Negro,MX,27.9769,-114.0611,66.6,89,5,13.24,clear sky
122,Suntar,RU,62.1444,117.6319,64.81,80,100,9.98,light rain
123,Great Yarmouth,GB,52.6083,1.7305,61.05,83,100,19.3,overcast clouds
124,Rundu,NA,-17.9333,19.7667,50.22,59,0,3.71,clear sky
125,Karratha,AU,-20.7377,116.8463,73.31,19,3,16.8,clear sky
126,Ardalstangen,NO,61.2371,7.6983,54.09,98,100,4.61,overcast clouds
127,Urubicha,BO,-15.3833,-62.95,69.13,66,6,3.56,clear sky
128,Sydney,AU,-33.8679,151.2073,65.64,71,75,21.85,light rain
129,Okhotsk,RU,59.3833,143.3,64.02,79,40,13.15,scattered clouds
130,San Lazaro,BZ,18.0387,-88.6622,74.14,96,99,3.22,overcast clouds
131,Mahebourg,MU,-20.4081,57.7,73.69,60,75,12.66,broken clouds
132,Haines Junction,CA,60.7522,-137.5108,60.93,75,77,2.91,broken clouds
133,Nador,MA,35.174,-2.9287,75.45,88,75,4.61,broken clouds
134,Mount Gambier,AU,-37.8333,140.7667,53.06,68,84,9.73,broken clouds
135,Russell,US,32.3502,-85.1999,82.0,94,0,0.0,clear sky
136,Siderno,IT,38.2779,16.302,79.34,53,1,6.08,clear sky
137,Hellvik,NO,59.9156,5.781,56.77,80,78,5.01,broken clouds
138,Santa Fe,AR,-31.6333,-60.7,59.95,92,0,11.99,light rain
139,Maitum,PH,6.0392,124.4986,85.77,66,68,8.1,broken clouds
140,Iqaluit,CA,63.7506,-68.5145,37.13,100,100,3.44,mist
141,Upernavik,GL,72.7868,-56.1549,39.4,89,15,6.51,few clouds
142,Kahului,US,20.8947,-156.47,78.82,78,40,21.85,scattered clouds
143,The Valley,AI,18.217,-63.0578,81.1,78,7,17.72,clear sky
144,Atambua,ID,-9.1061,124.8925,76.69,59,100,1.19,overcast clouds
145,Umm Lajj,SA,25.0213,37.2685,86.38,49,26,3.85,scattered clouds
146,Aranos,NA,-24.1333,19.1167,49.68,49,0,9.01,clear sky
147,Souillac,MU,-20.5167,57.5167,73.78,60,75,12.66,broken clouds
148,Maxixe,MZ,-23.8597,35.3472,60.51,83,0,4.52,clear sky
149,Chokurdakh,RU,70.6333,147.9167,65.16,32,97,13.06,overcast clouds
150,Kutum,SD,14.2,24.6667,78.37,47,51,7.99,broken clouds
151,Bantogon,PH,6.5333,124.0333,84.04,68,33,7.31,scattered clouds
152,Avarua,CK,-21.2078,-159.775,69.85,68,64,4.61,broken clouds
153,Torrington,US,41.8007,-73.1212,67.01,85,2,1.99,clear sky
154,Cabo San Lucas,MX,22.8909,-109.9124,85.3,56,10,11.18,clear sky
155,Hanko,FI,59.8333,22.95,66.06,69,63,11.83,broken clouds
156,Paita,PE,-5.0892,-81.1144,63.18,83,4,10.31,clear sky
157,Neustadt,DE,49.7117,12.0872,56.97,75,100,2.62,light rain
158,Urumqi,CN,43.801,87.6005,76.15,34,0,4.47,clear sky
159,Esperance,AU,-33.8667,121.9,60.73,67,80,14.09,broken clouds
160,Chuy,UY,-33.6971,-53.4616,61.97,93,100,14.45,overcast clouds
161,Vaini,TO,-21.2,-175.2,73.56,73,20,5.75,few clouds
162,Naze,JP,28.3667,129.4833,83.32,77,100,10.56,overcast clouds
163,Lupsanu,RO,44.3833,26.9,69.67,68,81,17.98,broken clouds
164,Manbij,SY,36.5281,37.9549,79.75,53,30,15.66,scattered clouds
165,Hvide Sande,DK,56.0045,8.1294,58.08,86,95,24.27,overcast clouds
166,Coahuayana,MX,18.7333,-103.6833,78.66,88,100,1.25,overcast clouds
167,My Tho,VN,10.35,106.35,89.44,64,97,8.66,overcast clouds
168,Telsiai,LT,55.9814,22.2472,57.7,75,0,8.93,clear sky
169,Huarmey,PE,-10.0681,-78.1522,61.7,84,62,5.84,broken clouds
170,Saint-Joseph,RE,-21.3667,55.6167,72.21,68,40,10.76,scattered clouds
171,Beyla,GN,8.6833,-8.6333,66.07,99,92,2.91,overcast clouds
172,Ancud,CL,-41.8697,-73.8203,41.23,77,100,13.2,light rain
173,Kavieng,PG,-2.5744,150.7967,81.86,77,89,8.59,moderate rain
174,Necochea,AR,-38.5473,-58.7368,50.36,48,100,17.65,overcast clouds
175,Ambilobe,MG,-13.2,49.05,72.3,56,2,4.21,clear sky
176,San Quintin,MX,30.4833,-115.95,66.09,85,60,14.7,broken clouds
177,Faanui,PF,-16.4833,-151.75,79.29,67,8,9.95,clear sky
178,Parnarama,BR,-5.6817,-43.0933,72.97,64,72,2.91,broken clouds
179,Torbay,CA,47.6666,-52.7314,60.28,95,100,14.97,light rain
180,Bogorodskoye,RU,56.55,37.8833,71.33,84,99,9.1,overcast clouds
181,Kaitangata,NZ,-46.2817,169.8464,45.16,75,99,5.26,overcast clouds
182,Beringovskiy,RU,63.05,179.3167,49.3,80,91,5.93,overcast clouds
183,Nemuro,JP,43.3236,145.575,57.7,92,57,7.87,broken clouds
184,Makakilo City,US,21.3469,-158.0858,76.75,76,100,13.8,light intensity drizzle
185,Verkhnevilyuysk,RU,63.4453,120.3167,64.47,66,100,6.38,overcast clouds
186,College,US,64.8569,-147.8028,83.59,45,40,8.05,smoke
187,Melrose,US,42.4584,-71.0662,68.29,76,100,4.61,overcast clouds
188,Pocoes,BR,-14.5297,-40.3653,56.44,99,12,4.38,few clouds
189,Taoudenni,ML,22.6783,-3.9836,92.68,20,35,0.74,scattered clouds
190,Fairbanks,US,64.8378,-147.7164,83.61,46,0,8.05,smoke
191,Atikokan,CA,48.7555,-91.6216,58.06,62,61,7.63,broken clouds
192,Kodiak,US,57.79,-152.4072,54.91,88,100,10.36,moderate rain
193,Puksoozero,RU,62.5903,40.6066,62.92,64,86,3.33,overcast clouds
194,Nikolskoye,RU,59.7035,30.7861,63.81,85,100,2.19,overcast clouds
195,Victoria,HK,22.2855,114.1577,88.03,85,98,11.99,overcast clouds
196,Puerto Ayora,EC,-0.7393,-90.3518,69.55,94,64,4.0,broken clouds
197,Wajid,SO,3.8093,43.2471,74.75,70,90,25.79,overcast clouds
198,Provideniya,RU,64.3833,-173.3,50.36,87,100,7.0,overcast clouds
199,Itoman,JP,26.1247,127.6694,90.37,81,75,9.22,broken clouds
200,Alakurtti,RU,66.9672,30.3491,56.75,79,75,4.41,broken clouds
201,Lebu,CL,-37.6167,-73.65,45.7,82,67,7.99,broken clouds
202,Cabedelo,BR,-6.9811,-34.8339,72.27,88,59,11.34,broken clouds
203,Kedrovyy,RU,56.1667,91.8167,59.41,98,100,5.1,light rain
204,Road Town,VG,18.4167,-64.6167,78.89,77,60,18.9,broken clouds
205,Ulaanbaatar,MN,47.9077,106.8832,69.93,46,75,13.42,broken clouds
206,Richards Bay,ZA,-28.783,32.0377,60.31,91,0,3.42,clear sky
207,Huilong,CN,31.8111,121.655,90.36,65,70,5.77,broken clouds
208,Inirida,CO,3.8653,-67.9239,72.64,97,88,1.25,overcast clouds
209,Hede,CN,33.7681,120.2517,91.2,54,85,12.77,overcast clouds
210,Tambacounda,SN,13.7539,-13.7586,82.45,78,0,4.61,clear sky
211,Dalbandin,PK,28.8947,64.4101,90.57,45,100,4.27,overcast clouds
212,East London,ZA,-33.0153,27.9116,50.94,93,0,5.75,clear sky
213,Adrar,MR,20.5022,-10.0711,91.94,14,33,9.78,scattered clouds
214,Sao Luiz Gonzaga,BR,-28.4083,-54.9608,61.79,75,100,11.12,overcast clouds
215,Khatanga,RU,71.9667,102.5,45.39,60,100,13.94,overcast clouds
216,Kudymkar,RU,59.0173,54.656,72.34,64,33,6.91,scattered clouds
217,Asha,RU,54.9973,57.2722,65.46,67,37,5.68,scattered clouds
218,Marsa Matruh,EG,31.3525,27.2453,78.24,70,0,9.93,clear sky
219,Gimli,CA,50.6336,-96.9907,64.42,88,6,6.91,clear sky
220,Ca Mau,VN,9.1769,105.15,90.63,59,84,12.88,broken clouds
221,Quatre Cocos,MU,-20.2078,57.7625,73.51,69,97,14.61,overcast clouds
222,Itaituba,BR,-4.2761,-55.9836,73.56,84,56,0.4,broken clouds
223,Mackay,AU,-21.15,149.2,72.68,53,0,3.56,clear sky
224,Contai,IN,21.7786,87.7536,89.24,67,88,13.67,moderate rain
225,New Norfolk,AU,-42.7826,147.0587,54.91,70,55,1.99,broken clouds
226,Glendive,US,47.1053,-104.7125,76.62,73,75,5.99,broken clouds
227,Concarneau,FR,47.875,-3.9225,59.79,93,7,7.36,clear sky
228,Eyl,SO,7.9803,49.8164,81.93,53,15,36.08,few clouds
229,Penha,BR,-26.7694,-48.6458,62.08,93,100,4.36,overcast clouds
230,Bubaque,GW,11.2833,-15.8333,80.1,82,80,12.64,broken clouds
231,Vaitape,PF,-16.5167,-151.75,79.29,67,8,9.8,clear sky
232,Grinnell,US,41.743,-92.7224,73.38,95,0,0.0,mist
233,Inuvik,CA,68.3499,-133.7218,77.86,47,40,10.36,smoke
234,Lakes Entrance,AU,-37.8811,147.981,55.17,70,59,13.98,broken clouds
235,Arraial Do Cabo,BR,-22.9661,-42.0278,69.75,90,0,24.76,clear sky
236,Poso,ID,-1.3959,120.7524,81.36,81,93,4.25,overcast clouds
237,Carahue,CL,-38.7,-73.1667,41.56,92,69,4.52,broken clouds
238,Meaux,FR,48.9167,3.0,62.76,83,6,5.28,clear sky
239,Kyzyl-Suu,KG,42.3414,78.0056,55.04,96,100,6.31,overcast clouds
240,Yelan,RU,50.949,43.7378,71.24,48,1,4.54,clear sky
241,Svetlaya,RU,46.5389,138.3297,69.33,82,85,13.27,overcast clouds
242,Xinmin,CN,41.9908,122.8253,75.94,93,100,8.43,overcast clouds
243,La Ronge,CA,55.1001,-105.2842,55.65,62,0,1.14,clear sky
244,Acarau,BR,-2.8856,-40.12,78.57,77,62,16.06,broken clouds
245,Constitucion,CL,-35.3333,-72.4167,46.47,85,20,5.3,few clouds
246,Marion,US,39.7684,-86.1555,77.38,88,0,4.61,clear sky
247,Bonavista,CA,48.6499,-53.1147,55.04,96,100,16.13,light rain
248,Ukiah,US,39.1502,-123.2078,60.69,80,0,8.05,clear sky
249,Nanortalik,GL,60.1432,-45.2371,43.14,95,100,9.15,overcast clouds
250,Hervey Bay,AU,-25.2986,152.8535,70.02,67,21,8.01,few clouds
251,Astoria,US,46.1879,-123.8313,62.47,94,100,0.0,mist
252,Aklavik,CA,68.2191,-135.0107,80.38,41,7,12.21,clear sky
253,Santa Maria,BR,-29.6842,-53.8069,67.28,62,100,12.97,overcast clouds
254,Ati,TD,13.2154,18.3353,83.43,53,48,9.33,scattered clouds
255,Touros,BR,-5.1989,-35.4608,73.53,93,55,9.04,light rain
256,Dingle,PH,10.9995,122.6711,85.86,74,96,6.89,overcast clouds
257,Axim,GH,4.8699,-2.2405,75.72,87,88,6.82,overcast clouds
258,Lisakovsk,KZ,52.5369,62.4936,65.16,56,89,9.1,overcast clouds
259,Port Blair,IN,11.6667,92.75,82.44,89,100,5.75,drizzle
260,Senanga,ZM,-16.1167,23.2667,49.24,57,6,3.22,clear sky
261,Inyonga,TZ,-6.7167,32.0667,57.43,53,4,4.76,clear sky
262,Alice Springs,AU,-23.7,133.8833,58.55,21,0,9.22,clear sky
263,Kviteseid,NO,59.4022,8.4927,58.53,76,59,7.56,broken clouds
264,Panalingaan,PH,8.7842,117.4231,86.04,64,91,6.87,overcast clouds
265,Luganville,VU,-15.5333,167.1667,81.09,81,98,9.57,overcast clouds
266,Lavrentiya,RU,65.5833,-171.0,50.63,84,100,2.62,overcast clouds
267,Cartagena,CO,10.3997,-75.5144,80.22,89,40,10.36,scattered clouds
268,Olafsvik,IS,64.8945,-23.7142,50.67,94,100,21.0,overcast clouds
269,Kalmar,SE,56.6616,16.3616,58.14,75,98,10.51,overcast clouds
270,Kidal,ML,18.4411,1.4078,85.59,36,17,3.06,few clouds
271,Yuyao,CN,30.05,121.1494,98.37,51,35,1.1,scattered clouds
272,Buala,SB,-8.145,159.5921,82.18,78,96,10.4,light rain
273,Dalvik,IS,65.9702,-18.5286,55.33,80,94,10.11,overcast clouds
274,Clyde River,CA,70.4692,-68.5914,39.43,81,40,3.44,scattered clouds
275,Oranjemund,NA,-28.55,16.4333,50.41,77,0,5.68,clear sky
276,Margate,GB,51.3813,1.3862,63.9,83,86,7.0,overcast clouds
277,North Bend,US,43.4065,-124.2243,60.93,90,100,8.05,overcast clouds
278,Kappeln,DE,54.6612,9.9313,63.12,94,100,9.57,overcast clouds
279,Piacabucu,BR,-10.4056,-36.4344,72.91,88,13,10.78,few clouds
280,Ola,RU,59.5833,151.2833,73.15,85,23,8.66,few clouds
281,Mushie,CD,-3.0167,16.9,70.52,51,86,2.93,overcast clouds
282,Borazjan,IR,29.2666,51.2159,99.99,21,57,4.45,broken clouds
283,Gbely,SK,48.718,17.1163,64.44,92,93,1.5,overcast clouds
284,Moa,CU,20.6569,-74.9403,79.21,84,25,10.92,scattered clouds
285,Nome,US,64.5011,-165.4064,62.67,68,100,5.75,overcast clouds
286,Kirakira,SB,-10.4544,161.9205,81.97,78,99,9.42,overcast clouds
287,Amapa,BR,1.0,-52.0,69.58,99,23,1.79,few clouds
288,Akureyri,IS,65.6835,-18.0878,55.33,71,75,17.27,broken clouds
289,Birao,CF,10.2849,22.7882,72.39,89,41,4.97,scattered clouds
290,Sinnamary,GF,5.3833,-52.95,76.19,84,61,6.91,broken clouds
291,Tual,ID,-5.6667,132.75,79.11,78,100,16.08,overcast clouds
292,Aguimes,ES,27.9054,-15.4461,65.03,73,75,28.77,broken clouds
293,Yar-Sale,RU,66.8333,70.8333,65.34,62,67,8.88,broken clouds
294,Nong Chik,TH,6.8436,101.178,89.01,59,98,7.47,overcast clouds
295,Kokopo,PG,-4.352,152.2633,85.24,65,80,12.28,broken clouds
296,Ostrovnoy,RU,68.0531,39.5131,64.62,57,9,13.18,clear sky
297,Balad,IQ,34.0164,44.1453,98.02,15,0,13.69,clear sky
298,Sao Miguel Do Araguaia,BR,-13.275,-50.1628,69.22,41,0,2.77,clear sky
299,Fortuna,US,40.5982,-124.1573,60.66,90,100,2.53,overcast clouds
300,Tallahassee,US,30.4383,-84.2807,80.33,91,0,0.0,clear sky
301,Gualeguay,AR,-33.1416,-59.3097,59.32,87,98,14.58,overcast clouds
302,Maltahohe,NA,-24.8333,16.9833,47.5,45,0,4.38,clear sky
303,Geraldton,AU,-28.7667,114.6,75.61,29,0,5.75,clear sky
304,Port Hardy,CA,50.6996,-127.4199,57.38,94,100,2.3,light intensity shower rain
305,Lodja,CD,-3.4833,23.4333,66.36,50,16,2.15,few clouds
306,Wladyslawowo,PL,54.7909,18.4009,59.94,76,90,14.47,overcast clouds
307,Arman,RU,59.7,150.1667,73.02,76,16,5.77,few clouds
308,Nuuk,GL,64.1835,-51.7216,43.41,100,40,6.91,scattered clouds
309,Maua,BR,-23.6678,-46.4614,65.35,61,99,5.12,overcast clouds
310,Hualmay,PE,-11.0964,-77.6139,60.49,84,61,4.23,broken clouds
311,Pangnirtung,CA,66.1451,-65.7125,43.68,80,96,2.42,overcast clouds
312,Klaksvik,FO,62.2266,-6.589,47.32,80,100,9.66,overcast clouds
313,Ilulissat,GL,69.2167,-51.1,41.02,100,100,5.75,fog
314,Sao Filipe,CV,14.8961,-24.4956,74.71,85,95,8.59,overcast clouds
315,Flinders,AU,-34.5833,150.8552,59.18,82,76,5.01,broken clouds
316,General Pico,AR,-35.6566,-63.7568,43.77,34,49,10.51,scattered clouds
317,Port Elizabeth,ZA,-33.918,25.5701,57.31,78,0,8.01,clear sky
318,Steinbach,DE,50.1667,8.5667,62.11,67,40,5.75,scattered clouds
319,Burnie,AU,-41.0667,145.9167,52.95,68,47,13.04,scattered clouds
320,Hofn,IS,64.2539,-15.2082,50.07,99,100,11.95,overcast clouds
321,Tuatapere,NZ,-46.1333,167.6833,42.64,83,100,3.69,overcast clouds
322,Cidreira,BR,-30.1811,-50.2056,63.54,77,100,4.88,overcast clouds
323,Batticaloa,LK,7.7102,81.6924,89.13,53,100,5.44,overcast clouds
324,Pandan,PH,14.0453,124.1694,85.48,71,100,3.85,overcast clouds
325,Bintulu,MY,3.1667,113.0333,91.81,66,40,4.61,scattered clouds
326,Dunedin,NZ,-45.8742,170.5036,43.81,82,100,4.0,overcast clouds
327,Egvekinot,RU,66.3167,-179.1667,44.47,81,100,4.83,overcast clouds
328,Itatskiy,RU,56.07,89.0369,60.98,95,100,6.13,light rain
329,Ust-Nera,RU,64.5667,143.2,85.15,47,96,4.97,overcast clouds
330,Shimanovsk,RU,52.0,127.7,82.54,41,98,14.23,overcast clouds
331,Esso,RU,55.9333,158.7,78.55,52,69,6.26,broken clouds
332,Kanalia,GR,39.5,22.8833,81.1,56,46,5.91,scattered clouds
333,Wolgast,DE,54.05,13.7667,56.86,89,100,15.5,overcast clouds
334,Qaqortoq,GL,60.7167,-46.0333,42.44,99,100,5.44,light rain
335,Lagoa,PT,39.05,-27.9833,65.26,78,97,11.5,overcast clouds
336,Zyryanka,RU,65.75,150.85,70.25,51,55,0.87,broken clouds
337,Honningsvag,NO,70.9821,25.9704,51.55,87,75,10.36,broken clouds
338,Marquette,US,46.5333,-87.6335,50.77,93,7,2.98,clear sky
339,Batagay-Alyta,RU,67.8006,130.4114,63.99,52,100,4.65,overcast clouds
340,Pacific Grove,US,36.6177,-121.9166,64.08,87,0,5.75,clear sky
341,Namangan,UZ,40.9983,71.6726,84.65,28,95,4.61,overcast clouds
342,Mareeba,AU,-17.0,145.4333,75.43,63,0,3.49,clear sky
343,Bereda,ES,43.2686,-7.5406,56.57,100,43,6.38,scattered clouds
344,Cruzeiro Do Sul,BR,-29.5128,-51.9853,63.52,90,100,4.54,overcast clouds
345,Dhidhdhoo,MV,6.8833,73.1,82.38,82,100,15.95,overcast clouds
346,Vestmanna,FO,62.1564,-7.1664,45.52,93,100,6.91,overcast clouds
347,Mnogovershinnyy,RU,53.9353,139.9242,88.18,46,30,9.31,scattered clouds
348,Pasinler,TR,39.9803,41.6764,65.39,58,0,3.8,clear sky
349,Beisfjord,NO,68.3751,17.5988,55.04,77,60,3.0,light rain
350,Ketchikan,US,55.3422,-131.6461,61.27,77,100,9.22,overcast clouds
351,Northam,GB,51.0333,-4.2167,60.62,85,74,12.17,broken clouds
352,Miles City,US,46.4083,-105.8406,67.17,72,0,40.29,clear sky
353,Grand-Santi,GF,4.25,-54.3833,70.81,99,91,2.17,overcast clouds
354,Rudnya,RU,54.947,31.0934,56.82,96,100,12.19,overcast clouds
355,Aksu,CN,41.1231,80.2644,92.82,17,5,7.34,clear sky
356,Broome,US,42.2506,-75.833,63.01,86,0,5.75,clear sky
357,Lincoln,US,40.8,-96.667,76.12,92,40,6.91,scattered clouds
358,Jinchang,CN,38.4953,102.1739,87.1,15,11,23.44,few clouds
359,Christchurch,NZ,-43.5333,172.6333,48.9,81,100,4.0,overcast clouds
360,Honiara,SB,-9.4333,159.95,85.42,66,94,9.26,light rain
361,Pacifica,US,37.6138,-122.4869,63.68,91,100,8.99,overcast clouds
362,Goma,CD,-1.6792,29.2228,61.09,67,75,11.5,haze
363,Aykhal,RU,66.0,111.5,64.74,42,19,15.68,few clouds
364,Kalmunai,LK,7.4167,81.8167,91.06,50,99,2.89,overcast clouds
365,Saint-Augustin,CA,51.226,-58.6502,54.95,78,100,4.94,overcast clouds
366,Baykit,RU,61.67,96.37,65.52,75,95,4.63,light rain
367,Khuzhir,RU,53.1939,107.3397,57.13,68,19,1.9,few clouds
368,Tromso,NO,69.6496,18.957,54.37,66,75,12.66,broken clouds
369,Samagaltay,RU,50.6022,95.0047,63.1,49,78,3.53,broken clouds
370,Westport,US,41.1415,-73.3579,75.18,76,20,4.61,few clouds
371,Benguela,AO,-12.5763,13.4055,66.4,86,0,0.54,clear sky
372,Vengerovo,RU,55.6848,76.7471,70.68,75,58,3.44,light rain
373,Dandong,CN,40.1292,124.3947,74.41,98,100,12.86,overcast clouds
374,Elizabeth City,US,36.2946,-76.2511,78.06,93,0,11.5,clear sky
375,Khirkiya,IN,22.1674,76.8605,83.14,74,96,4.32,overcast clouds
376,Zhangye,CN,38.9342,100.4517,84.92,17,25,13.78,scattered clouds
377,Dharchula,IN,29.85,80.5333,82.27,77,64,4.38,broken clouds
378,Colares,PT,38.7992,-9.4469,74.39,67,0,10.0,clear sky
379,Skelleftea,SE,64.7507,20.9528,57.56,88,75,3.44,broken clouds
380,Palana,RU,59.1167,159.9667,53.65,86,62,10.16,broken clouds
381,Lorengau,PG,-2.0226,147.2712,83.61,75,100,9.4,overcast clouds
382,Porterville,US,36.0652,-119.0168,80.55,50,0,6.91,clear sky
383,Parrita,CR,9.5201,-84.3225,77.16,88,100,1.81,overcast clouds
384,Raudeberg,NO,61.9875,5.1352,50.67,81,98,14.65,overcast clouds
385,Araouane,ML,18.9048,-3.5265,92.79,24,56,9.17,broken clouds
386,Bataipora,BR,-22.2953,-53.2711,63.57,54,84,4.88,broken clouds
387,Hauterive,FR,46.0901,3.4459,54.36,85,4,2.08,clear sky
388,Saldanha,ZA,-33.0117,17.9442,41.05,84,15,11.27,few clouds
389,Nancha,CN,47.1333,129.2667,71.02,99,100,0.36,light rain
390,Nelson Bay,AU,-32.7167,152.15,65.08,79,100,8.99,overcast clouds
391,Whitehorse,CA,60.7161,-135.0538,67.1,72,75,8.05,smoke
392,Padang,ID,-0.9492,100.3543,87.85,63,26,4.9,scattered clouds
393,Phrae,TH,18.0833,100.0,84.87,74,75,5.75,broken clouds
394,Durham,US,36.0335,-78.8664,80.28,86,100,5.75,overcast clouds
395,Urambo,TZ,-5.0667,32.05,60.75,50,13,5.88,few clouds
396,Cadillac,US,44.2519,-85.4012,62.08,94,75,4.61,broken clouds
397,Maragogi,BR,-9.0122,-35.2225,74.57,88,4,10.83,clear sky
398,Ayabe,JP,35.3,135.25,88.84,56,40,8.86,scattered clouds
399,Pokosnoye,RU,55.5258,101.0536,70.72,57,60,9.62,light rain
400,Yulara,AU,-25.2406,130.9889,61.84,16,0,11.21,clear sky
401,Gander,CA,48.9682,-54.5906,57.33,100,100,15.01,overcast clouds
402,Udachnyy,RU,66.4167,112.4,66.45,45,80,10.8,broken clouds
403,Santa Isabel,BR,-23.3156,-46.2214,54.7,68,85,2.08,overcast clouds
404,Paracuru,BR,-3.41,-39.0306,74.1,80,82,13.33,broken clouds
405,Pangody,RU,65.85,74.4859,61.84,61,100,2.98,overcast clouds
406,Sao Joao Da Barra,BR,-21.6403,-41.0511,67.53,88,0,14.09,clear sky
407,Gat,IL,31.61,34.7642,79.48,100,13,5.59,few clouds
408,Grado,ES,43.388,-6.0743,61.3,97,20,3.44,few clouds
409,Belaya Kholunitsa,RU,58.84,50.8528,75.83,56,4,3.76,clear sky
410,Santa Maria Del Oro,MX,25.9333,-105.3667,73.33,53,83,5.37,broken clouds
411,Kudahuvadhoo,MV,2.6708,72.8944,82.24,76,100,3.27,moderate rain
412,Katherine,AU,-14.4667,132.2667,77.32,23,44,12.66,scattered clouds
413,Norsup,VU,-16.0667,167.3833,80.6,83,92,14.63,overcast clouds
414,Dubrovka,RU,53.6907,33.5071,64.53,93,60,10.25,light rain
415,Kropotkin,RU,45.4375,40.5756,75.13,42,0,16.08,clear sky
416,Marathon,US,44.9,-89.7668,68.2,89,75,0.0,broken clouds
417,Laguna,US,38.421,-121.4238,69.46,75,0,9.22,clear sky
418,Wufeng,CN,27.45,104.8333,77.72,44,0,4.92,clear sky
419,Koungou,YT,-12.7336,45.2042,78.51,65,20,19.57,few clouds
420,Manchester,GB,53.4809,-2.2374,58.64,92,100,8.05,overcast clouds
421,Santa Marta,CO,11.2408,-74.199,82.89,79,50,3.0,scattered clouds
422,Husavik,IS,66.0449,-17.3389,55.56,79,100,11.77,overcast clouds
423,Bar Harbor,US,44.3876,-68.2039,59.85,83,0,0.0,clear sky
424,Kiunga,PG,-6.1219,141.2906,72.41,99,100,3.11,overcast clouds
425,Chingirlau,KZ,51.095,54.0814,71.56,61,9,14.65,clear sky
426,Pontianak,ID,-0.0333,109.3333,89.58,59,40,6.91,scattered clouds
427,Sabzevar,IR,36.2126,57.6819,79.88,24,0,21.85,clear sky
428,Mucurici,BR,-18.0933,-40.5158,62.91,96,0,2.53,clear sky
429,Anuradhapura,LK,8.3565,80.4173,83.68,68,97,10.92,overcast clouds
430,Tsirguliina,EE,57.864,26.1947,62.26,93,32,5.77,scattered clouds
431,Cayenne,GF,4.9333,-52.3333,77.09,1,65,0.0,broken clouds
432,Batagay,RU,67.6333,134.6333,57.52,75,100,1.25,overcast clouds
433,Kismayo,SO,-0.3582,42.5454,77.74,72,75,18.37,broken clouds
434,Abu Samrah,SY,35.3029,37.1841,77.54,52,0,17.54,clear sky
435,Arvika,SE,59.6553,12.5852,56.01,96,100,6.38,overcast clouds
436,Navalmoral De La Mata,ES,39.8916,-5.5406,68.95,53,0,7.07,clear sky
437,Povoa De Santa Iria,PT,38.861,-9.0645,74.55,65,0,5.75,clear sky
438,Padilla,CO,3.2204,-76.3139,67.57,74,35,4.45,scattered clouds
439,Marzuq,YE,14.4,46.4667,89.22,21,100,6.38,overcast clouds
440,Vao,NC,-22.6667,167.4833,75.74,79,95,12.62,overcast clouds
441,Waingapu,ID,-9.6567,120.2641,80.92,49,88,11.61,overcast clouds
442,Kloulklubed,PW,7.0419,134.2556,75.7,75,99,8.86,light rain
443,Isangel,VU,-19.55,169.2667,80.71,78,75,8.05,broken clouds
444,Alyangula,AU,-13.8483,136.4192,73.81,60,29,11.59,scattered clouds
445,Paragominas,BR,-2.9667,-47.4833,71.06,90,62,3.67,broken clouds
446,Yamada,JP,39.4667,141.95,71.56,88,90,8.72,overcast clouds
447,Kungurtug,RU,50.5994,97.5228,62.8,46,93,7.2,overcast clouds
448,Maputo,MZ,-25.9653,32.5892,65.23,83,87,2.1,overcast clouds
449,Te Anau,NZ,-45.4167,167.7167,38.34,92,100,0.78,overcast clouds
450,Inhambane,MZ,-23.865,35.3833,61.3,82,0,4.92,clear sky
451,Nara,JP,34.6851,135.8049,93.9,44,31,4.7,scattered clouds
452,Morant Bay,JM,17.8815,-76.4093,80.22,83,15,7.9,few clouds
453,Eureka,US,40.8021,-124.1637,61.66,85,26,2.93,scattered clouds
454,Coquimbo,CL,-29.9533,-71.3436,49.73,71,0,6.91,clear sky
455,Sterling,US,39.0062,-77.4286,76.89,88,75,5.75,broken clouds
456,Fengxian,CN,34.7039,116.5872,91.33,46,3,4.12,clear sky
457,Itarema,BR,-2.9248,-39.9167,77.47,79,69,14.97,broken clouds
458,Carnduff,CA,49.1667,-101.8009,60.39,83,63,9.48,broken clouds
459,Saint-Pierre,RE,-21.3393,55.4781,74.28,55,20,4.61,few clouds
460,Fukue,JP,32.6881,128.8419,84.56,84,75,12.66,broken clouds
461,Comodoro Rivadavia,AR,-45.8667,-67.5,39.06,60,0,21.85,clear sky
462,Zemio,CF,5.0314,25.1361,71.58,90,25,2.93,scattered clouds
463,Tilichiki,RU,60.4667,166.1,50.79,96,100,4.36,light rain
464,Brae,GB,60.3964,-1.353,50.05,82,100,15.3,overcast clouds
465,Ziro,IN,27.6333,93.8333,68.74,63,62,4.59,broken clouds
466,Ellensburg,US,46.9965,-120.5479,66.78,80,40,16.11,moderate rain
467,Codrington,AU,-38.2667,141.9667,52.99,74,63,18.34,broken clouds
468,Lufilufi,WS,-13.8745,-171.5986,83.98,78,24,18.81,light rain
469,Embonas,GR,36.2269,27.8564,73.83,60,0,12.24,clear sky
470,Mayor Pablo Lagerenza,PY,-19.9309,-60.7718,78.57,36,1,11.43,clear sky
471,Dubbo,AU,-32.25,148.6167,59.13,55,56,11.5,broken clouds
472,Falun,SE,60.6036,15.626,56.95,81,100,4.18,overcast clouds
473,Hambantota,LK,6.1241,81.1185,89.94,62,20,14.97,few clouds
474,Port Hawkesbury,CA,45.6169,-61.3485,58.17,94,100,23.0,mist
475,Ugoofaaru,MV,5.6667,73.0,82.99,77,100,12.88,heavy intensity rain
476,Burgeo,CA,47.6167,-57.6152,57.7,98,100,21.74,overcast clouds
477,Aquiraz,BR,-3.9014,-38.3911,74.17,88,89,12.1,overcast clouds
478,Morgan City,US,29.6994,-91.2068,77.0,87,56,4.79,broken clouds
479,Katobu,ID,-4.9408,122.5276,80.71,79,52,1.88,broken clouds
480,Campbell River,CA,50.0163,-125.2446,62.13,88,57,2.66,broken clouds
481,Seoul,KR,37.5683,126.9778,92.59,71,100,10.36,overcast clouds
482,Malko Tarnovo,BG,41.9833,27.5333,73.24,57,8,10.36,clear sky
483,Emerald,AU,-23.5333,148.1667,69.35,53,0,5.88,clear sky
484,Granville,AU,-33.8333,151.0167,67.24,69,75,21.85,broken clouds
485,Gazalkent,UZ,41.5581,69.7708,83.52,22,3,10.4,clear sky
486,Maceio,BR,-9.6658,-35.7353,74.64,88,75,10.36,broken clouds
487,Bonito,BR,-21.1211,-56.4819,62.15,45,44,4.47,scattered clouds
488,Vostok,RU,46.4856,135.8833,87.1,44,51,6.64,broken clouds
489,Killybegs,IE,54.6333,-8.45,57.09,93,100,6.71,overcast clouds
490,Alghero,IT,40.5589,8.3181,68.09,88,9,1.14,clear sky
491,Isla Mujeres,MX,21.2311,-86.731,78.85,79,52,8.46,broken clouds
492,Ust-Koksa,RU,50.2696,85.6108,69.67,45,22,7.78,few clouds
493,Kapoeta,SS,4.7717,33.5903,72.25,80,100,15.93,light rain
494,Pryazha,RU,61.6926,33.6216,63.63,76,100,5.84,overcast clouds
495,Selishche,RU,56.8879,33.2691,64.17,91,100,9.33,overcast clouds
496,Cacoal,BR,-11.4386,-61.4472,67.17,58,20,2.35,few clouds
497,Qianan,CN,44.9932,124.0581,85.86,42,39,7.63,scattered clouds
498,Sisimiut,GL,66.9395,-53.6735,40.75,96,100,3.65,light rain
499,Komsomolskiy,UZ,40.4272,71.7189,86.72,20,1,13.8,clear sky
500,Batsfjord,NO,70.6345,29.7185,57.13,63,51,7.63,broken clouds
501,Coracao De Jesus,BR,-16.6853,-44.365,60.58,76,7,7.81,clear sky
502,Wenzhou,CN,27.9994,120.6668,96.91,49,4,6.15,clear sky
503,Vallenar,CL,-28.5708,-70.7581,57.27,21,5,2.59,clear sky
504,Adre,TD,13.4667,22.2,82.65,47,13,8.43,few clouds
505,Asosa,ET,10.0667,34.5333,62.42,94,98,5.06,light rain
506,Muncar,ID,-8.4333,114.3333,81.27,64,98,10.11,overcast clouds
507,Antananarivo,MG,-18.9137,47.5361,51.76,87,75,4.61,broken clouds
508,Dwarka,IN,22.2394,68.9678,81.05,90,92,17.76,overcast clouds
509,Grande-Synthe,FR,51.0154,2.2998,64.11,86,60,15.93,broken clouds
510,Changli,CN,39.7042,119.1506,89.42,50,4,7.07,clear sky
511,Poum,NC,-20.2333,164.0167,77.31,88,98,18.41,overcast clouds
512,Westerland,DE,54.9079,8.3033,60.82,88,100,18.41,overcast clouds
513,Kangaba,ML,11.9333,-8.4167,73.87,89,100,3.18,overcast clouds
514,Sabha,LY,27.0377,14.4283,82.27,28,0,11.56,clear sky
515,Katsuura,JP,35.1333,140.3,77.61,80,62,16.6,broken clouds
516,Kisangani,CD,0.5167,25.2,77.2,68,4,1.23,clear sky
517,Sambava,MG,-14.2667,50.1667,70.74,84,67,14.54,light rain
518,Galegos,PT,41.5627,-8.572,74.86,48,0,6.89,clear sky
519,Ardakan,IR,32.31,54.0175,86.27,18,68,12.57,broken clouds
520,Braganca,BR,-1.0536,-46.7656,70.14,99,12,1.39,few clouds
521,Gravdal,NO,68.1214,13.5031,50.29,81,100,15.19,light rain
522,Airai,TL,-8.9266,125.4092,64.49,68,100,1.88,overcast clouds
523,Barra Patuca,HN,15.8,-84.2833,79.14,85,100,6.91,overcast clouds
524,Bathsheba,BB,13.2167,-59.5167,81.21,90,20,14.97,few clouds
525,Kusti,SD,13.1629,32.6635,83.53,50,100,8.93,overcast clouds
526,Bima,ID,-8.4667,118.7167,82.56,54,88,8.23,overcast clouds
527,Sabya,SA,17.1495,42.6254,92.82,44,87,6.6,overcast clouds
528,Verkh-Usugli,RU,52.7,115.1667,72.86,41,43,6.29,scattered clouds
529,Kongolo,CD,-5.3833,27.0,74.23,37,45,5.08,scattered clouds
530,Vila Velha,BR,-20.3297,-40.2925,66.94,91,40,2.3,scattered clouds
531,Bayevo,RU,53.2833,80.7667,74.32,53,62,7.18,broken clouds
532,Sioux Lookout,CA,50.1001,-91.917,60.87,94,100,4.61,light intensity shower rain
533,Shatrovo,RU,56.5167,64.6333,70.99,64,81,10.74,broken clouds
534,San Patricio,US,28.017,-97.5169,84.88,79,0,11.18,clear sky
535,Rensvik,NO,63.1,7.8167,50.27,87,75,19.57,drizzle
536,Palmer,US,42.1584,-72.3287,65.25,84,0,0.0,clear sky
537,Sibay,RU,52.7181,58.6658,62.89,64,70,8.5,broken clouds
538,Jumla,NP,29.2747,82.1838,73.89,74,59,5.32,broken clouds
539,Alexandria,EG,31.2156,29.9553,80.06,55,0,8.37,clear sky
540,Xam Nua,LA,20.4197,104.0439,79.41,79,65,1.32,broken clouds
541,Cururupu,BR,-1.8283,-44.8683,73.17,96,68,2.98,broken clouds
542,Fare,PF,-16.7,-151.0167,78.84,71,1,8.9,clear sky
543,Ballina,AU,-28.8667,153.5667,70.79,74,81,9.19,broken clouds
544,Omsukchan,RU,62.5333,155.8,85.82,43,39,14.18,scattered clouds
545,Phalodi,IN,27.1333,72.3667,94.87,50,33,1.95,moderate rain
546,Hamilton,US,39.1834,-84.5333,74.77,96,75,4.61,mist
547,Rio Gallegos,AR,-51.6226,-69.2181,17.65,93,0,3.44,clear sky
548,Asyut,EG,27.181,31.1837,85.77,17,0,4.12,clear sky
549,Salvador,SV,13.8333,-88.9167,72.05,97,95,3.09,overcast clouds
550,Smoky Lake,CA,54.1169,-112.4686,56.12,88,41,3.44,scattered clouds
551,Muscat,OM,23.6139,58.5922,89.62,75,100,5.48,light rain
552,Kananga,CD,-5.8958,22.4178,71.37,35,77,4.32,broken clouds
553,Krasnokamensk,RU,50.0979,118.0369,80.28,32,50,13.44,scattered clouds
554,Codajas,BR,-3.8367,-62.0569,73.04,88,18,1.03,few clouds
555,Orange Cove,US,36.6244,-119.3137,80.26,53,0,8.05,clear sky
556,Prainha,BR,-1.8,-53.48,73.24,90,51,3.11,broken clouds
557,Araguaina,BR,-7.1911,-48.2072,75.15,47,71,3.47,broken clouds
558,Gazanjyk,TM,39.2446,55.5154,86.32,19,0,9.53,clear sky
559,Manicore,BR,-5.8092,-61.3003,71.55,94,0,1.14,clear sky
560,Urengoy,RU,65.9667,78.3667,66.4,50,78,6.4,broken clouds
561,Avera,US,33.194,-82.5271,78.31,90,23,5.57,few clouds
562,Dauriya,RU,49.9333,116.8667,79.27,32,83,13.94,broken clouds
563,Sur,OM,22.5667,59.5289,81.73,83,100,10.27,light rain
564,Praia Da Vitoria,PT,38.7333,-27.0667,64.65,88,75,10.58,broken clouds
565,Tommot,RU,58.9564,126.2925,75.09,68,97,13.56,light rain
566,Aras,ES,42.5617,-2.356,54.01,88,20,12.66,few clouds
567,Paamiut,GL,61.994,-49.6678,41.45,95,100,4.38,overcast clouds
568,Ahipara,NZ,-35.1667,173.1667,61.57,98,100,9.8,light rain
